before,after
감염취,감염취약
거수방,거수방식
계급주,계급주의
계몽주,계몽주의
계절근,계절근무자
공매,공매도
공산주,공산주의
공수처가,공수처
공영방,공영방송
광역급행철,광역급행철도
국방발,국방발전
국제올림픽위,국제올림픽위원회
국제정,국제정세
권위주,권위주의
극악무,극악무도
긴급응급조,긴급응급조치
김학,김학도
깐부로,깐부
나바,코로나바이러스
난타,난타전
내분비대사내,내분비대사내과
네이버페,네이버페이
노스캐롤라,노스캐롤라이나
닛케,닛케이
대장항문외,대장항문외과
러시아-우크라,러시아-우크라이나
리스너들,리스너
만달레,만달레이베이
만달레이베,만달레이베이
매머드,매머드선대위
면역저,면역저하자
문제의식이,문제의식
민사합,민사합의
백인우월주,백인우월주의
법치주,법치주의
별다,별다줄
보수주,보수주의
북대서양조,북대서양조약
분리주,분리주의
블룸버,블룸버그
빅테,빅테크
사대주,사대주의
사진작,사진작가
산소포화,산소포화도
삼성디스플레,삼성디스플레이
서울살,서울살이
석탄발,석탄발전
석탄화력발,석탄화력발전
세계유산위,세계유산위원회
순환기내,순환기내과
스탠퍼드대,스탠퍼드대학
스토리텔,스토리텔링
스톨텐베르,스톨텐베르그
스포츠유틸리티차,스포츠유틸리티차량
스포티파,스포티파이
스필버,스필버그
승자독,승자독식
신경제,신경제비전
신고전주,신고전주의
신장내,신장내과
신종변,신종변이
심상,심상정
안현,안현수
에너지저장장,에너지저장장치
에이치제,에이치제이중공업
엔이에이,엔이에이치
여론몰,여론몰이
여론조,여론조사
연구결,연구결과
영상디스플레,영상디스플레이
영향평,영향평가
예방효,예방효과
오디세,오디세이
오미크,오미크론
오스,오스트리아
원칙주,원칙주의
육아종이,육아종
음악인이,음악인
이베,이베이
이비인후,이비인후과
인권침,인권침해
일리노,일리노이
입주자대표회,입주자대표회의
자본주,자본주의
자유민주주,자유민주주의
자율주,자율주행
자중지,자중지란
자활근,자활근로
장소임,장소임대
저장장,저장장치
저커버,저커버그
정책공,정책공약
정혁이,정혁
정형외,정형외과
제로페,제로페이
제주살,제주살이
종양내,종양내과
주우크라,주우크라이나
지역균형발,지역균형발전
지웅이,지웅
진중,진중권
집적회,집적회로
초현실주,초현실주의
축소지향,축소지향의일본인
출생연,출생연도
코리아경기,코리아경기도주식회사
코리아리서,코리아리서치
쿠팡페,쿠팡페이
쿠팡플레,쿠팡플레이
크림반,크림반도
토지거래허,토지거래허가
트뤼,트리도
폐쇄회,폐쇄회로
폴스,폴스타
풍력발,풍력발전
한국여성정,한국여성정치
핵합,핵합의
혈중알코올농,혈중알코올농도
형사합,형사합의
호흡기내,호흡기내과
휴일지킴,휴일지킴이약국
AMD와,AMD
LG디스플레,LG디스플레이
UP가,up가전
,
,
,
,
,
,
